/*
SQLyog Ultimate v8.55 
MySQL - 5.5.5-10.1.31-MariaDB : Database - tutoryuks
*********************************************************************
*/

/*!40101 SET NAMES utf8 */;

/*!40101 SET SQL_MODE=''*/;

/*!40014 SET @OLD_UNIQUE_CHECKS=@@UNIQUE_CHECKS, UNIQUE_CHECKS=0 */;
/*!40014 SET @OLD_FOREIGN_KEY_CHECKS=@@FOREIGN_KEY_CHECKS, FOREIGN_KEY_CHECKS=0 */;
/*!40101 SET @OLD_SQL_MODE=@@SQL_MODE, SQL_MODE='NO_AUTO_VALUE_ON_ZERO' */;
/*!40111 SET @OLD_SQL_NOTES=@@SQL_NOTES, SQL_NOTES=0 */;
CREATE DATABASE /*!32312 IF NOT EXISTS*/`tutoryuks` /*!40100 DEFAULT CHARACTER SET latin1 */;

USE `tutoryuks`;

/*Table structure for table `kelas` */

DROP TABLE IF EXISTS `kelas`;

CREATE TABLE `kelas` (
  `id` int(10) unsigned NOT NULL AUTO_INCREMENT,
  `matkul` varchar(50) DEFAULT NULL,
  `prodi` varchar(50) DEFAULT NULL,
  `tanggal` date DEFAULT NULL,
  `ruangan` varchar(50) DEFAULT NULL,
  `waktu_mulai` time DEFAULT NULL,
  `waktu_selesai` time DEFAULT NULL,
  `expired` date DEFAULT NULL,
  `angkatan` varchar(50) DEFAULT NULL,
  `status_tutor` int(1) DEFAULT '0',
  `last_updated` timestamp NULL DEFAULT NULL,
  `status_expired` int(1) DEFAULT '0',
  PRIMARY KEY (`id`)
) ENGINE=InnoDB AUTO_INCREMENT=6 DEFAULT CHARSET=latin1;

/*Data for the table `kelas` */

insert  into `kelas`(`id`,`matkul`,`prodi`,`tanggal`,`ruangan`,`waktu_mulai`,`waktu_selesai`,`expired`,`angkatan`,`status_tutor`,`last_updated`,`status_expired`) values (2,'PSW 2','D3 TI','2019-06-15','GD712','19:30:00','21:30:00','2019-06-10','2018',1,'2019-06-08 18:06:53',0),(3,'Daspro','D3 TI','2019-06-15',NULL,'19:30:00','21:30:00','2019-06-30','2019',0,'2019-06-08 18:06:53',0),(4,'Jarkom','D3 TI','2019-06-18','GD 914','19:00:00','22:00:00','2019-06-16','2018',0,'2019-06-09 20:06:01',0),(5,'Matdis','D3 TI','2019-06-19','','19:00:00','20:00:00','2019-06-12','2018',0,'2019-06-09 19:06:27',0);

/*Table structure for table `kelas_mahasiswa` */

DROP TABLE IF EXISTS `kelas_mahasiswa`;

CREATE TABLE `kelas_mahasiswa` (
  `kelas_id` int(11) NOT NULL,
  `mahasiswa_id` int(11) NOT NULL,
  `status` int(11) DEFAULT '0',
  `role` char(10) DEFAULT 'Peserta',
  PRIMARY KEY (`kelas_id`,`mahasiswa_id`)
) ENGINE=InnoDB DEFAULT CHARSET=latin1;

/*Data for the table `kelas_mahasiswa` */

insert  into `kelas_mahasiswa`(`kelas_id`,`mahasiswa_id`,`status`,`role`) values (2,1,1,'Peserta'),(2,5,1,'Pengajar'),(2,6,1,'Peserta'),(2,7,1,'Peserta'),(2,8,1,'Peserta'),(2,9,1,'Peserta'),(2,10,1,'Peserta'),(3,1,0,'Pengajar'),(4,1,0,'Peserta'),(4,5,1,'Pengajar'),(4,6,1,'Peserta'),(4,7,1,'Peserta'),(4,8,1,'Peserta'),(4,9,1,'Peserta'),(5,1,0,'Peserta');

/*Table structure for table `mahasiswa` */

DROP TABLE IF EXISTS `mahasiswa`;

CREATE TABLE `mahasiswa` (
  `NIM` char(10) DEFAULT NULL,
  `nama` varchar(100) NOT NULL,
  `prodi` varchar(50) NOT NULL,
  `username` char(10) DEFAULT NULL,
  `password` varchar(50) DEFAULT NULL,
  `role` char(10) DEFAULT NULL,
  `gbr` blob,
  `id` int(11) NOT NULL AUTO_INCREMENT,
  `angkatan` char(10) DEFAULT NULL,
  PRIMARY KEY (`id`)
) ENGINE=InnoDB AUTO_INCREMENT=14 DEFAULT CHARSET=latin1;

/*Data for the table `mahasiswa` */

insert  into `mahasiswa`(`NIM`,`nama`,`prodi`,`username`,`password`,`role`,`gbr`,`id`,`angkatan`) values ('11318066','Yosepri Disyandro Berutu','D3 TI','if318066','if318066','mahasiswa','\0JFIF\0\0`\0`\0\0\0Exif\0\0MM\0*\0\0\0\0i\0\0\0\0\0\0\0\Z\0\0\0\0\0\0\0\0\0\0\0\0P\0\0\0\0\0\0\0d\0\0\0\072\0\0\0\0\0\072\0\0\0\0\0\02019:05:10 14:38:32\02019:05:10 14:38:32\0\0\0http://ns.adobe.com/xap/1.0/\0<?xpacket begin=\'﻿\' id=\'W5M0MpCehiHzreSzNTczkc9d\'?>\r\n<x:xmpmeta xmlns:x=\"adobe:ns:meta/\"><rdf:RDF xmlns:rdf=\"http://www.w3.org/1999/02/22-rdf-syntax-ns#\"><rdf:Description rdf:about=\"uuid:faf5bdd5-ba3d-11da-ad31-d33d75182f1b\" xmlns:xmp=\"http://ns.adobe.com/xap/1.0/\"><xmp:CreateDate>2019-05-10T14:38:32.723</xmp:CreateDate></rdf:Description></rdf:RDF></x:xmpmeta>\r\n<?xpacket end=\'w\'?>\0C\0\n\n\n\r\r\0C		\r\r\0\"\0\0\0\0\0\0\0\0\0\0\0\0	\n\0\0\0\0}\0!1AQa\"q2#BR$3br	\n\Z%&\'()*456789:CDEFGHIJSTUVWXYZcdefghijstuvwxyz\0\0\0\0\0\0\0\0	\n\0\0\0w\0!1AQaq\"2B	#3Rbr\n$4%\Z&\'()*56789:CDEFGHIJSTUVWXYZcdefghijstuvwxyz\0\0\0?\0\'GC\\u8Ϙ[S1Ҝc9W&J(UWjm{c,QV6{S/0r;uc>:o~l# >\'jVa<\ZcFP7Ǡ|hmy*,65(QXe|Ԓ{U;<ReJ<YQ3=/<~~<zę|B+ \0L\\&r\rD#V$֌pcUץh-tYu9TAK]Z[2ؕJ\Z+F2:In$QZnLc{Yn4֦\\qZ80~-\\lH|vgnsj͓Rk٢Inۆ:VcXtQǭ8k}dlv;sSW$%TcE^{Qrj][։/ZMA=G=jeWvj:&dqT\0^i\'r-Xai\Z=UEU]-YXJEMIC]B7E垝&hPܚvHorCsJB]2[#$pqkRkjU2ejegk	^wc,L})fb䩨Z9sI\'ro;<T	ݚbԪ\rB|e&컒\r&ixs6cOXC)`խ+mr(݊<zUƷ76Hpы]A\'K\0\\ \ZcRz/\"Z\0Q;zXjT-bXR|ٔUiaݶ\'A-dWF9Yq ).4T<P\0O\rlrn@\r+_&ұ뎴1\0R\"{Z\nKt& \Zb$clSTݬ9bz2[^Fwx^KT/(]MT.WxGު\0.>\\ױWqe)WQ7NUZE$MF,6#\n}0jz؇;Pۗ,v\"6i>I\0m\rI[}NNKsu~7cth^]Mqor0(Mo@⑬\\cv`\r##H=SM]ITY<#\"wT8dc <kFj1WG.Yv󧧁d?&@ynqT{Ufd=ESG%kכf%7g䲜}x4xGEM?%	\'d?J8Y=֊՜5$p~ͥ)v9#͜z-Pc<qGGHۂhX6sKm1\ZvU/w*13.AGMEhec?0]16\0H+Y]dsx\"~Rn$SxĊ8澎M\"Ee`KU]JhYsZC?\"`_V?C\'䍼Lh93־Z>Z.w7A_\n]6#a67c<|]pu-3̪ݽ;ƂI$Ir7|c=7WҢ8y\0QqP*Z\0iO5fᎁjvs^ug\Z|GsQ5r-v\0?:zI><h=P?!\0{q}yN?N[e>,[GO1[\Z0ǵt:`Wzi}Ɨ-6U²*ǴDBh$;J_Z7f\ZzWHF?:i塀\'|x#2:VL\0#_XG>,\n=оO0X_?4[	KsEz9j_FV0ezHkٴ;-N1EFX0h>||$ж{!8xrD}ʾ\Z.\0ľQ\09\0bl\no0?Ŝ5RM{tĊsBV;N,U\rwqKu+8q	OT|_ulVBe<\rxG>.cf%{9.Go5|* 8[ bio*di+)\0\nN(|ё#7iݴN9\ntzpѻ7؃+*:P5yj$}	Y}*)rYZcUFV^60\ngo鸻+#M7gNx44n<ט_<?澫o8dsW\\IFKUu\'̉?\0ש95m\r9?wkĴ_[GԛI{*ev6sչ*9\08:m!žvI\Z㇄kke$۱Ν;7OֺkWnw7\nS$%kԓi6N=^ 92Ln\Z7#4׼-reSI,$c}y$=i4Uq¤l\"jV͞{TAs3<V6scd*+w ٶPzxQn=E5`9sNq\Z\'\0\Zd\n[\Z5p+6ǥKƣi$QN8ig]&|g \n<\ZEķE\05p8`kѝ)d*s}&J~Sek!A\0Α|;leWud>~nﱿ4\\[l?\01ᤊYI\nY\0\r6kugk-#p2?*VMxzOki\'I_̣bgüק595]5[eyW?\\gUk=WQp\0k9Cspw;ISOBek..J/T\0Q?ZV+[y?g	H1eu\0AC>VZE٧¯~i)Ԏ|O0ŸKY156i7Uǯ7۸֫VQ9R:	HXii	|]8?Jߴ%6y?.z݅sgO].~[.bH?#]jp<%`MIz˸ԩtf\n-PF4Y<2Z1U|ԅ8gig0?Vц*J_2g\0\ZKG#tOM\0:g\'6?c\05ڴj\nUTO(ben|\0OR2(\'9 (xz$Dy\\Ufxm74Rz\roQYZюzVz/2Ն;@֪Ni0W_.b!<D\\W	?y#Y5kXNw^Nĩ/*H9E%b%H5ValNJſZ0?ZptTl}xO^P@P~x٫\r^PUC#)9XVA<H92:\0~_?kWVH6c?ׯNMjx؇R\r8}-&oaU=~cw\"+6W׵|\'+Vhِ<{PGP<i\0׮gI+Vcխ#$4푚~ϖ~Q׊~\"9Z+?d9[&(B9&e$g~)R=f}**`tZ:p|zq_*Zd%T$򱂪I7čJ;1v\0^R{	T}OXRtH,Y7-e}wWW,yGΫq.vuf+\\կkxFfW2`I]K}6_4-bM>\"ǭsh梺\ro;\"@TvCCXپԣor?W2v9#ʏjkfぎ*[aEU=OZJHAIp?Ewcd\Zks~aN\Zؓʡ֥%*og#/:iPX`c\\WYZXZ$MgffEy#ncr3YFs<RK܊aܗTnu}RO6v#\'=5ZI66Ysk͜e`8iItMVhcVNF9Gz{79!sP3nd7Zv\0+>[p_2htP[}|՚u3ڤ	d$uƾK-O]KGI\ZfFko~\Z[hȑC׉x\'YE,\0+E[SHǩ^T%i5KV=RfWyx}[afi92Io>-GqTV0;3z\0\ngcT\0sE4u=@E/i?/&ZLWljz2{Rnnh&	dF ֧%ڪ+wwBIS&w\0=\'?Mṑgc\'\0zb_ڨ]F)n\Zx\'$\0*ޤ۱i8<[xt9\"=Fۏ\r\Zf\\7yh`L|![Z\'hnzDG*mv9L9]hCowPHdlIv_EΉ㈙VTS(KڔdўYNj\rdmVhĊw!\0:<-8RWw7Xri:PrR=ĶM^Yfov%\Zl\rI?wnFtv+uiti#?c:\\[?ixuU(zιIg<լe{[ݱLɏK7/iut.sjWv^ʯNa*1K;`<\0QVck\\y5qm)UQ<xTfjN=\nⷈt1%4ϊzޤ:8#hN\0\nݾ\\Wit5QNZ#&ҳ03\rvјϙ]d+vއrG/]\Z}so.RD.W׋C4qBVAuytqߊvVh={P<y?\\uK(T#xdͷG.~Og	Qz#ZD,`yX_!&f3`˓V~LmXTRQ*4z献\\}EY\'srEsMfL2LAY}bZj_:|cyOѯ\0XڧI;UcsgQup{S,T^[A#4cRsw~hh[\r]Jx\n#Uq\r(vEiPޱu\nL\neM`G[rT{Vl+ZF˟~oDGg׹/i9ɯA|fd%+CӲ3~0BVWc\'^V~nz*Ã֮;ijw\rcIIB>e.20N9}̱	\nPp3|I>+R<l}c;fru_,xҰ2F0M\\S\Zy{Qړ7bnMg\r|2*Ԉ2J`ci7PV/\0My[ɧ^fܑ\\<\0]Ջhf5j0Kzw/gs\\j\r@犑dHeϥ,\"iOb\r9[w4.Wƪm\\Qz\Ztt-V\"Wfos\nIO\rYsq\"-s[5ek4o\'#c/.nZO-t\Z0|\0ZJYeY}kXRKV9]>\'6B[NI9}ǯ\0CLUp庚o1iicjւxM\\7g.Z\0z6O4n\0H3H$$c5ʵH5ۑL5h9\\S:Lq_z@?̥߁QQ@z*^h734r6\0g\r	/?-&?ĥM, 9#_KOWΙp+\r˓_H=v_\r~\'j\05{yYC`*z\0 j2EF&O\\W|7~uJn;f/#{V/ДF9=J	4[RF}G RFsMYxTp)bsBߺb\rv&:ӜuQqn\r!F94ǭ?hQӚc;R[h,m!d&76H⢑NJO4fUЪNQ*KDSCuJNwc<TvAXclS#UɨU`Rd\\|z瞵RRj4lJ\Z#	5syBjUq)\rV$efU&m;IZ#w^kH>\'U@-E^Hx@f\'OI~zsЕNx4MNyrM=\0y\\fEI<W;+I0U?xƺ*zW+.\nNA$\0M4\'++3䏋R,9VLW珥q;F3Ͻt~:I<]zbvZcIMm\"V\Zꪦ^KE\0V;JʔmWLUQ;\r&h}WЮۇmǚT+qM&yG\0_cYY|Slq\\*hoacֈe*3Y\"n6<\n٫j%O\0qS,H4TQRsS/xJF9\"p))In5.=d+S*BoH:c)Yߠ.8V!h&G_1qzrS}!lOjG(nw),⤂1;nW4C@F\n6ɨfT֔p؏RKilqh\0jvi7\Z!V\0vWºKE	.[!\"eAA_\rkZz7fb{g=\0[xc[)v$Qn&>cy5R`SJ4B/-J4Md\"19TBӾx}J**R͌US?#)=3ZI\0L71.;/Xl:g5|\Zbܩ4~\\ԭQ\".Nۚvݴ\0[<zPKhR);y<TE|l1b:	\0r#ܸX7o_CŚqKY?7\\zۿ_+xߎ,4|J~G%LC+VSkJf0Id쏨Y`cX-\n/636׭$q)R68W-XJjğ)ĉD\"#k,ۺMJ1A\\ձ[	;ԌJ(Q;1}JΛ)rN*7n*/99ZG\0Z3{#3O#C请5(2E\\1lz-!i8<Se^]isߊ_\n/FFB3L)BđTH84\'(ުIcjYUGZznu̹S6v2@<Rƛz@[qzaVYiӁMK\nE8wR{sJTfqr;0J5kp$F?WM4-yRLUbw8\'WF+Re$ϑaW6\'ثӍ͏\nkrFϹ1<88_I#zzj6IT3d])5ɘֲ$UP֮7g[\Z\Zv0_]٨CbM|?BEByIS+5#К5mc^EhGe*^uqVM$:3O۞TT~Y5<?/M6i`cޜ4^ا&Ɠvz*=FQ#\'=)=6,E*Zc.PM9cqG-B+9ɥU[=JFJM)=N0\0tdכ|d^u@:?5*N)lO|bxm@[$ͱx>\0\n#iJ+>iw.<MKpIHKd湙椗U@IP5vNNHPz\Z~8rhV3S}*tl\"R1Nk|r\r(⧎3\Z!CjeEґISԍ8*æsKp*Heܭ>/0~D\nTEnF\rKb]=) \\2X~lbQ@Yim)wq5g6qLk<\rVg)ҧkRy{IrvSK	\rűOBN)hliZܾҾcX|el  s\0_\rҾLWZLD\"ѩ\0WKI+]G,ނnG?JnsڭJCX[z-F:I\n4+R\r7ʷ#v]V>]Fhdȝ7.MCdudv8cԌǻdSasPɆ5r!}EA&Y|P\'ɍ1Pmݚycޚ$TlB.xXgV,=)VFQ2 ejWIT1jrOJ#b*ͷ<*X?Z4xSSFW`w\Z/zW)t=/zNٓ֕T4\'Rab+\nynUZ86灀2\ZC2F@8u S6W91W2ڕߐ01(T)VEϚ^1lUON>Cdm\n+&HٯW=sZH!54@ڝ;3=><,\\gaWv똞ghƗh8?٤\0mkURpԵz߶:UVKV2*jXU\nzl*s{	.Uw1bPM1sRl/;R\\B]sM?ivqҪwV1j53ҕ=)ǰd˻G-ٯM:R\\!nظ5wR\n8[ڜ+Ȩ(\\+t5]\'50R#GVA}LV\Z}ԩ<c=+5c<px6m9AR?HxX2}px9?%M-lZrD;o*\'8yj8KqRZŹjCdTߠ\"§Nj7\\*ơA8ba=jo=\"p\rjW/m$0\n9}NER	3(NwbGn*倩H=hN2Rȋ5iTFqޔF;_]JJf5<QfxjhmcmFMn+[=7cT7Yv4pn!<椊ћ21S*e-ͼcr+!F)Ũz	8VLĖՔ$SG(y<ƏS\ZV2q49\0zRz\nٿ\\]&<dQ^_j>8&BGw)?;2%f{-A;\ZҡP85Y|jI5!عjf\"[rC++p9|gթ#r:\nFNzӹ--dMM@T5qCQHGAԬҘbjVgքĂOc\0OubԸMRZDڽ*v;VI0EV|J~n1W;zhD[C&S+xmQ>$ګISxK`c4r(5Jr̤\n7L>nWQ=ax:Ա2MÜ՝ŇJ;Xo\\2$_X~㚧upmۥa܋VV[W ҄Ҫe={Uهj;pA:4(a^_l̊x<cmYp\0cO,M@$&2`&m\0qZFYiZAY3)C~V|ANy1lA,8Q_<~?5?E<xc5{mGClIJ(\0֌dJ4kRMsH6X	MEV2aSۃQZVcZߺHi~p:&@r*H!F9ZY܏A8UAM&mLXud T/%vx	L涿(2j&6OQ_KøR<[slæiK\\Cjdh \nkBxTRXvhnچ1,GzkTe∉]BC]#T{\'(Y~%x R}TSZ\\zG|)V2bm],AX5nfEK4֜v}\\~ ٖ֧$+ҺfU:RCI+?hdttn+\'%>^	S9QN۹\0NQh6yi=tۂ+4\0R(>3]\'=+v?:pgs60<_#e%fϟ^58vgwjBfvwm>u&PM7	Sy?⹶4xf+5\'mI!ʊVlVنGG۪4x=Q\"1\0ҟG<v-%d#ϘWINeQ3/P\'sěs1{\0*\ri_r:btt>nad\\dcf^F3_a_|3b1gCcpIcPop{y!=\\ٝ򵟄[h^,?Zhlqӥ{bZ+|:#ܠ֞KYƳϹH5^wȬ|*Z2Z.k|1U2uW\ZZ$U{Q;ΓZ2}+rOx1YGk,qveb]a{ӷzkn_i?R<#~k5raAV.9\"vO~ΕlyIbB+\'}}ٔcܤ!^kgi[Ke_s*ZЎk͖\\z֬:\0f7cBJF+fTSt8vT4ͽz~Uj+aI\"ԓִZՕI4旊Lidګxmj\Z{[6FsYe\n񷏥gWh\"`j*7FJ(;BOTiF*V<UE]ŉ쮶	qA*_zǌ[\rm]j)EM#*GU\r!r9y֬1U$d~7\ZZ{TcOjs:\\,jg6yU7ŰjX􅑕rkkn^bG$*3iNaNEg7]:mۏl1^A\\[;sUH־a_.||5`7Z5.{t^6xWc֑q@1ثHb\'ԽC,Wg>Q\\\'$fY>{涇c9KgcxfR?WZ{\0k?feu\nTlOFl0銘ݹ3vAͼj~Z\\`N*ioSfcw`ԒD[x>\"nE,$+m>~UE%x/ũX+JNU8^8m^gM*h,΅Nszq^i\rfX#]_\\@pw*U;Kc=B4--Q2	+ҵlZB${I$d\n9>ZdӠe!~yD$6oy\0^W-FQ:If\"rAU9u|1*^HoQXe\0?,Z?ᠵ,ǻ\\`*wA/3ZGd\\,\'MPвc\'@sߎ\'4\r`\r\rKz}\0;L`TrúEkk)zy!3U[ڻʿixylJ㓛I?hIi_n\0Sh%i4?}WsNO+~1~\0<eN.`ޥe@,vM*vqG~8~^\"_|c^,ipBV!ʒ	^?ɤs&oFRG[da޲;FFk;O3r+2\\%cSmbdao3.}qZZN}(ۭyU8\Z)_M4U=W37\0ckӼ?j3\Zv]DQgn3ӆ5wh~u؛QAt?\n\r:0Mjihj߳DBwvʕ$\\t0OZڇH4ȍAEEo6#R`Ah?brlT=\0\0>خ{ׯ(?κY.6PO ҲuUc}ֆ#ۊ\0V<O5/kqYFM=cY}>Ph#<U5ԫٛ&ޜ$pOZMA6MqF11+jۻtGgk|K\0sפ_jhR9َ묌1ֹV[/tia^@9nkH^٭Ð9SǵfIC  殞!<6%e\"^hmnyJnF1Yaⶎ&]v9凍<[v獸ڸ{&V9{vaӭyvc-ajhxzcHqyx@ǭYFbe܅p3:?{\\Ꮘ5>\nd3dHAG_J>\nV0֣$߲o\0<7l[j6~F-pUN݇n:c~s^\'w1i<+֫7վgQZi\0\0ve7F\r[|t@K^ᤚl>N/CWn1[zߴvh}!\0\'noc0|10?;ozI7d TcҲ?ᢵS#=L\0|]`u9vLMUwq,ޚO8	pT<Bq?f(#6>Im.3֙ٿ?팏ĊU\'\ZRן\0Ek+#O.pcje\0YBf\"m\\\rh\0h{VhSv$68<Uo\\;<|).F2=LTUWCo};CJ!a`G(sd~U[8l壶ROcq^\\\0pInmkZ[\\\nWN哎^y\rfk\Z\"`8cMr(*? UI1*Ȫw߈)JԒ\0b\"+zig!)pK\Z}`HHq5oU#ެg\0_EkvzOE\ZVs`(˙ojfcStcxlB,T{WѬ=rCO>fےM?Q	>%m4fG ?_Eq|RgC\")-W/,,^P˦ڤⳬ}sޮ<^jQ\nΣ菨fx6S协?o`~uv \0+)+\\e{8Y7cWk\r]ݕ;U\n*%Ǖ<dLjubdR[nz\0ڱa#UO\"W jcu )Y,xUd qU|5<r~RjV4#td\n-P]ԒxcFj)< ֥iqک[FU3Rn9<rR5#,T3mz[zҴEG3yņ*)e#ox/4JhA};rwcp\0I閯$y\\v_cr}`	*6ѢV8.\" XW>kӊmRcZ;E?y7mڥOLףvk+(>qUG95H+njW75ϣ歬-YB(x2f6+b>kҿ27!aW8\r⹨nJ8/7qmtI-O]kTysQɩSpQWz[gU$e$g\"7RH澀+Lt83z& {`Vvԫ\\ӳc5*:Zȷd*H;7}+a{3j$wU+TjϒVo\\QyHEA5Nd^O5dn@f<qZKU^w穪-ҵ,\'֪Ik18!;EFۓ*wmbMUªɫk֭-⼫VnJMjܸf=+5U^vǘ^BTZ9@mtzqYVaI_ENWW<	+3h\0#᜶Uax[Joنd7D>O\"7v_d;]s.!!uUW}f.m5c)qr.[9pLKEe&k\05uJ4\"rA\\qP2zUvrJVܳ5WsҫIQ3ؤLO0 u!5-jc<nhV*\ZL0DO\"KIIڬ[Uy8\"=ۊDݓڭgo}sIq*>WShq[VB^G뚷J1F޵댞\'-6)̡TjE6:tFC!LZ/9v++M{s9PG?:5pZd^pkk-HCNsP+3H}cvޚ@{h\rL0KޙӶ瑁?	WTߙo	\0\0WYW|hr%v9%Qת{sE9o;s;\Zx`#o:sVDe޴~Rx=*֢Jx13VOk8w]\0R9I;:HjOTgJe;OSBKV*ֳAE t_+hՙ>iAnJ71f4VGf\n2Isڇ!G9n~V\0ҭo皙dzUHfY<\ryv¥J8؜(i]G_Cdyר~r#	dt\0$fn׎pkܨݻ(^y2+{W_!6W\"]QҋjƷt@\n}>?s][ɮX_;^NnB*1k\0kx&r5n7tp>dwgP0~il5}j$sZډQ~\\\Zd&)Brzԍjˎ+nI%F\rZ8^VWG2mpqNdnk2r	lbJMX6	<N6fTwZHHn9$B)C\ZӤm\"k@=iN]0\ZԱ;\nEo*H_K\rڶ:4dž1Ȫ֦(l]MakjvD\nZp*mWA$\030;V]ZqA̓CXw.x=EcL׭EĒ/\"z|h=K6aꖢXXc5Еuͩիd\ZʵR\0WeY|͑\\}\r}	]?V6g_:|-3Ƨ^w_Nɾiy,K1?Wa\nyc|5S<SRX棓;SSEC*Tvq֪ۛ5dl*G5$fc=[ٍS\0\0w+sO4MVW y$oTJʭzUyo\0aBMjLH\0wT;R:U#;sݞ(5\Zx\"2vGv掷A\nGOe֤U$4}vK]W3/FNjnlF3+6>f\ZBs5\n8VUM|̴=[?cHAGy(\rc>QxÐH]|mrxv\0Ǎ}K7i7`B}W㼐\03gdW_W9i6o$\'MM^bA\Z{L]oTv@y#aӴܙyd*ƗxV\nq=Ҷ,W>¿}=r=z\Z2OOҳS6裌C[$ҽ<|hk$KEUon8kj1N\rgxGQ{f1ۊ5KʮűO V3:a)OtJ]⠋y՜di{$w8hv1(٤z=K q\r_>*b^Ic:N\0SZ~n35ذJ7Za[ҦN:%(_]	9ʃzMFa^;,ioۑVD:tzX,ѾSe\'Tu>\0\ZIn6[Z.hi*2Bs8i#.溡=ыb\'_~Zx	ѥ\0c-+VVxȫQT.	ltcLRtP`zZ6;:4x/4^m8mY	gbs\\Nj&sktaWj8\\4XU1kF6UWX/[YJ2 VnQ[Zz\"-c*+fQ+=zQKV\ZځW8TթR268\no<zЎ6Z95ՍhTMbISE}Vßjǣ!_j)1\nwېA_&5ʊzrȘpqV}c\'>m2T:haV\0\rH*UF\rqSi;0w\0:=rhxy*q[FfRKym\\楱:5&K6[5uvg9YԨh4le@wYYٸZV.EB#vw7sZgo5fN׺9ʜcmv*GZܿCdbJj{g+\r5#ђPEqȯRa!n;WjrI㓎Fiv}g0Z	-Օ~!wֽ~_>#\";<-\'=ZkLKn\\)ܽ}03?M<uQʍ>f57M-6*On~[vbg4\0We\0Ay8K6xÃarOۊt=csSbýkIqجrʹ8޳dSY-\rVm6`*i6Y9xf\Z\\TR0jcG+v\"7yO/1Mwghj$F1۴Ֆ5\nkI\'˴\nx^Xۚ@hd7aeUL1\0]G<\rAjz`Ե\0ҟ\ZRyyV<xP15Nzlq+wS8<rk>J͊:#d_鋖l\Z<M|\nX\0UkڥjFjYM(&J<WrF+2rw,b88_T`+y\"7(pqHa_*x+3۽}m{Q8O\Z֘.:PZcVX$$\ZteBO`?EH[#9不cN`q9#Lv>kpS}=mnϵyð},^|Jl[\rpٶR+`u%A7):l~׾P\0ڑIe&oٮz=B&7E\0cg֭A#G&IȢ6\\A??*#C7Srn41Ӹn&zHY^|iHD cY\n҆\ZS˚k6O7mJm\'qT4Q,Ӹ{+EQ$dOm7A\n h]el7Ã5\Zƈ\rdeAq\\>#h^6iݧJT1ڱ&kRզO|o	qNҼ~^n+Io^I !O½:W!a8Jj&92OI;N:noi.0mV/ֹă*>cm5jx7|TZ5u##}$԰E\\kȿxT㊧	E+嵖KnsSG:^+]@F6~0\'sYnNFJ;,ڞ;9/L9\\ƺVB	)mZQW\Z쎢Aq\\TڰRʬyTw/67Լ~j߉p95ΦBfti\'\nP6T⹋YcRn+Or1xVOZ:jj	,1\\@`y;P?B+>/iXݎ\\\0:	Zsf#cj\ZX^-s:	dT[>^O=ڰCH[1ر\'&Rg*U-\Zu#\0	da!>	Mִʇ涎l`>Ev1&\Z0W97O.<S)e!v/Zmh5Mh?i	g%GJEgvZ|1qrF\\f?wyomdGeFùY\\c?mvco>\nV>ik40e`HA-l]l:lʯ_ҾHM\"Y9-ׯ?ҽ෌%QvEfz2Q`?hzg9\rԍ\0~upk5\'ČzzA\\Ug%zc}iK&1;Y0)|ɪRMd[nI+1\\5,9,[Iu*\':Z}|XrOr]1Wg֛%j%vsTS#XJ$Uojj=Jb97y|dQεV?݌j-6q©]>R^\ZGCzJO}h\nх^皇F~[#s(Ys]\Z&5V=NؙcOQ\Z#$-IKl>^61RnGq#̑2\'/[_I:?9+꟎4~pƛH>S7B[kh.ZQ9I\\I<6p0\rSIqf7$֒S2AkGá2c#5CPbzh1c\\a{1xgH_uF\0:bڵalͽXa]{TӽᕛVdA#ifGIwwnriF9RWiN̅§PO8p[I WjzdQeP7m.XEpKjU/䂼b!pIRmY fݚSQ✪Uj\"haRc˓;sJwni|Z6=7Cdϭ3q^٧b1N2#q5JQl=v^OEfoZ<z1\Zʵ[\Z\ZǷGg$3˫Y$N1ב\Z,B.ӌ.=Ic	\\+h}©N4>g\r|?r$};,nt\nzG\0PHTώ\ZF\"VN	`^Y-Sһ4\Za3ѦԄqvk~_=q+2Y!*!4n@I>JdΪ%{-ĎW>fI<|PCCG~c۱d`~BRkJ4꾇*;ݬlg_5>#Ld]9wOyVtXsZ{[	8yG3\\|ȥyT`yL30ݏExjέgZeoxJV0Tlx~\"C2>d;\Zy0>F?x]dn]bX[,{qq<uTV=|R<RA}#=4qH.r]EV>\0:t#Y7Ǣ6adyBE/N\rqkazVFIo	`rzjU	usL#Ucϸz꺥䛥9Qi|ׯOsɕY?ӿ&SӃX3Iq7hk\rWm`F1\r]㜓ϵ^,%[˩XH>TpjH`*jPR{8Fz\ZS%*k[*nv\nR\nU\"OE2kr|1J3FՁx߁\\7 ʜ[Ir	\'izIyJ\\EF$\Z-Hm+͵M<!v|9#?*c_*o}CėZ]DIy נ~|h!p7My<&Kxl3^NzҌ<7?5tuZORq墏ZV皊yY[i6I ڽ_BsC<>>7ևvImWg<_/9O]u=)$m\'4oRCT_dC3f1Pk\\F6URKM\nnEf$:\n<j&,FS*5_N\\҆ǻv;Ux|X|ZYc{~c|r:S@M,>^KvХ4;rGP2HF{i$ecbzW%F<ÃSӱ/k13S\n[ޅQ\'\r|DZ4ۥ\0>_+`Qp8+1Op؅MldC!kv]^I\"+8:\0Z_am}2͟?:L\n\0+)Rf4twF~ߞj<ڟ#\\wc3QgkK@k!\0-$srdNߝcߖ9oTfM*#V0϶<?!k;)s,\0jl:9WMA?u&&)r.VvFrOAHaizܨ8_[rG=]Zc^Lk*YUˀ<V3MkЕXU4\rkü)Z2Ҡ sNmޔ̥d7ƅE%ҥ϶i4Nym*F))E*p]¢\r?\\Zi^@\0<Ѿ:o\"㎗%׀^,vϡg=qU5M.Zn.n1ǯ\0u#x5OgUIi12aQWc89_7V3Ia~W?-c|đ|I9M\'.Ex@!	Jpƺ\nNGu{i}Jm O$#9\0jR75E$C\'UѨxHQ;8<lL\\$.w~PA<wy΃^010^IUnu K\"n	~F\'RnW$D	Pm`nEiI1n9=8ǵC46vK\0D\\eO{N6pUIsڷKy?~UF\n-8R#\\$9Of\rƭ37ݪBsܙlo.JM\0)\0skK%ԓ{6AjnxVWjw6\n,?B:ozI,n-u$##vlR\ZzkypkwkkY\Z\'-#tmEhW.ѝV1(yoNv?J穅Θ#i#>dգA\r^1X{.d+6\\?H$$t񑵑W<<h:>I$K(w̓J[PxrF׷\rx;*˓W]OI3ʥExai	lUVHwb]ޜź$\rة[EO6V5c$hs{sZvӑt?K\"mc17\nٶn\nBzR;%NH*|n	YPu*Gnx;7)_CZx05(ֲLT}\"vVs)VO\Z|ezY&9V;\ZWL殾!Z^XQW7j?o@e!Oʰu}2֟uз&xt j7S-ߌs]ӊΤd}x_NT)ª\0J}7Ҽ:l?KYo0<_D3!̡Fݻ\0z\0#mySyI؛*L̋JWr3)6۹z\0*栓q0*wqOi\"\\rG?JTIӌT*vivR۷ˊ{|\0cryd%{/ɬǓ޶g\\FsY7\n{\ni܌6J銯aj##l-ц	@Ʒ}Ǒt:L>glRQ{4h3Pe(!*\ZC	Q8ܝijtg\"yxZN_|*!_g]I=hgqȮgZʱ#K~HKTz4yF;џ-T=Cv\n7zc\"\0]Cq֯Ļ:UTlGa©?yy&WY\Z:*־Pgo4?}˸bu=>WB\0|=\0\\SiKsq֣\'$Oi>p*G4+NE.<߆!c\'H`+\0a]/xBKy/<xݓlwyK\\]0GuJ,{VqQG\rӽ\ZxC~85kIc	N<5r58BLYDp@B\rWmQUm:{VG̸=P$\\){JSSP\"h#gwsfWN@y4}޽icP\01/ݬ4c֞Tc?;u%-F}M&Nx(Ӛ$l&]M/=9\0FGNyhlҲՇ	Pn~f=}nxkj0Jv{ĻTGgMAI9>Qw6rp8+A*G᪺sZoxEK;e10?\'~ycr׺v`2<}ul&9Sg[X\n6l~W\\Ro|<*Ey-L|N0v^B㾈F3ӎ3^[V-[#C+~(:$8c9W7v/$<rme\nqXxz8[kFG潪!o#!e=]|5UWm2y^犨͙J.<G}A<^qk>\0$wbajklF/\"vZB_%AIH4%m*y1(>	뗒cpBճWI|$Q>jI`}#]#pU\\.v4mSxȯr~p\09vn ɯ6)F4S𭾙}^E..c<9o˃\0hZj*`pb8^)o72+;1Pdaj?b5:ɼWh3jYQ}ww>\r-%GdJq;}+X­>\0yJP+D&h];8%B[W\"~azhdy#Gǯh/e|mW>T:GJ*SZ|/8>ץq\ZMZ=G1),=c%Y?9t崴I~̸?⯣3D|f]DHб=\0&l/7[A\\\0]}]&[T*IgvX9WPFHR~HA#tI؅(C(q9p±2вzxm`zXrjyD6m@ZX^[cʸT\'j98c.iMEx?+1x;H,ùx$gԃ^:Iqzs7?oJk57ydUV:?-ι#ש^,S)]BP\Zmkk(\'tk)?\"J4(LAM{n6/+)8qҌ\Znb8)\r>&<f&#fYzW\ZJp1U6VjRlsR.j°Nܔ슍jUCm\ZxK\'J͚\rB\"{c ,Ol&\0ƺ!lP\'ɸWSKk\\N+;lVΏq1BF4]ekYS5B@ïU9oPA4G]؟KpA8\\܎sXַfaޟm_R	1#d`W\0>֌e_TyQl8t#E4V\Z>iIQx<\Zޝ\Z>d3pߑ5MąRi6kv]c+n#t$+nE|z[GDWVL2dƐ,X#e4;0#]VvԠyUjKW.r\0F2v\0&?jny׻>c+uCjb@ۺuU#}9ˢ4 6򜚰Z+q^áSD$3Q(eb9/u[ڦE`dn1R/+KdwR(J󊍲AnH(8ԎKL5ǥ+1N\\,~ڛ3Mò]DݵHi\0<\0&g.@;ZĻQKUӣԬN<y96WŔĖ\0e20%9F:re;w-q9稧h::Tn[b8.A xriC߂i.1/6kCD-X*0\0c?!=Mx3g \0i\" Wd\"y<XwRZ\rƞ\n<$HT,n ׭UJ8UП,IEx(u6\n:c1{`?n9`(\'y󄯡ܧwIpNy4a4q9Wk\\y\rI5<㧥8V7YX鍻?TnSpU\Z\"XߟZmP,g/O8mccTE3	szk&[JQ6TćLn.d`UBv涣FQ1[7<>>O!?y\"70Ķzl~vkYKQ41ʣlJٷxR,X$G?Wz+(09X~dtKo\ri:!JlҾ24 Э#=\\ƿ)9v#3/J|ijsA*D(Tq^E\nӧ5(\\<\'GIYaı8\0\0֯yuYh0s_:K~%1U6zt]L[\\P AgR*yxYr7=Eƥi\0|X1\"{X\\}>zn+&}x#$^Kўg2^;9KE`WZ+\0Rɮ.1cоdw\ZQǑ*?1Ե|+㪃Ҹ}ݎ=kPGzSW\'2爵&vT-yP&N|*W [p\0y	x,dI9z]hRQˈOk-pHU$z͒]ⰼt2ǾA.FIB--cI\0Ei^쉧M.D|\0zbHy?b_$*~nk g<df1==\'\Z~S-}{\nYNZcWw\rש\0Xl$\n#$SKb1ybMZ#5R$=*ͲgQwbv\Zʸm5z+\"So{Rе<wRkNţ8{TUkDC$Q>$*/0m?֙$T\n;#Ye8OZc]8TS6i\ZX2J\rMb,jsZE^71׎1/mt<̞\rk[ܩՖ{2aVF{֤nY:hz_٧C?֫x-ՎSLiJKMAcd+n`1\ZԉPz\0YF3({]NK5o{<VY?k>A5$tf?־.6<Tξ?V%N3JWft4e\rPHn\\cR5]x݋pjmGs]WdY>$xb|v}kfŦf<ĚTmsXʬ@,N?\Zݳ3J5Y99`ֳi&O^ҢV޵qPݒNbFF*>sO=+9|We+(ZqP(T})KT(?<ҷj-MCN\\ӎ6Q)IrUy}\0R)hsHʹYʦ#v`qJv#g.[+ǨDNk\nGRk%v*	#dFᕀ9)ij}E$x{\\%OvsPx7>՞XgpYqҙk7ȯBTjƪG\rQEcp{?fB\0i賒CE#ctv@M,Y 7\'pQn=B1#Sߎ~Lq:Ejr^w᷈I0jR#	R:Wͅr	l`{|%6BM*D8ֽxʌo]*ٟW/Oi(HgS:V,]ǑkeitWzc=zA\0խ^yR\0U֩dLQs@]\ZI5?|BVK㫰4xTd!\0+Qc[Rt=:2e>J\Z֭Gb235}Y|d1j:roZ[>|5s5ό.K Xہg<3z?GmZ5(;n\'k#Riȷ\'%A_KNG;8m-ӢCQz~UXѭY%¶Э4ET?ys׮gL=^PqF}q\\<K\0bm/eٵJ8|{I6{0;FcY<y-%Kˈ#@wV׈nǦ@5kZ;j}	ӕ_>>Xug R{k\\|9[GsubfIMXvq_Woظ+xOՏYvףC5tyj]Woiql`tJ\rF鑌 kjz}Inb/	xEgӥ0z>Ua2qB1^%*˟OǛעyGڗȒ\\YXH\"#ƨ|=\"F\\CX%k8=v}cV\'U<^e\ZkB8Y:49ne9bm\0&Ij?^<[R?J/_\r8XAu?2\"y\0c>*;[y`ciAy-\"ʯH;9hۘ\\C^g^w4ЬܨY%\0Zkh麊\0jd>`Rۈ\'?_\n0:W?/N:W=\\W*kO\n ՝6\0>[z;#7$챆8=kWT\'h\'=+<]E65J=\rsahӱ\"ws?:H̹rzt=E|c\0fkoxvJr#_R+,ȏ4.7,чPV|%OIR2LXjr̵G#t͊d:hikjKuv}Er8+3Rd^کjAIRmYpgU]5uDsM]=	LqQsҖGx}ҭZ`JF\n7zҴ˚CY(SRFR440]mqض?J|c>Mu^Co&ҫjN<mck&fw%0-jъ5Xנg\'-I0\0֛ҵ6|ȭh逸|fm7\0!>-fFJFP}=J]<(أu9FN??_/[$Xgӵ}M?:\Z%[qO.<TMxc5k,l\\DoI?/~uLiP{yNH>+y/p㔹>eW淭ls46UBs\0O?T#xq_4<ɷPPAfsO\Z15.WMJy6RbVYWܧ̜8OCKc\0먲̋H\r6i[)0EZ$Bث0C:}ְou%2QYv{RCv^ͷtʌUSҗ\n͚kF6sH9ԋ@75\0)Yr3*qsw68cnK7g;հWzf;xeydXpzH a\0+7#صQ Ra2GA܏lH}\nha\Z#DbŬ[\0;=6dGNսٶ ぞ}K]omb6\01Cn3ypN9<Wq[ֵmn@5ߏjv2by#\0׭M.XGo1~lv[{7Q={XVب?TWsXCdHT߶<Kf\\pދviZGH#\n?JΖ|0dc$1}GxpO\Z<Wq*p{{}\ZR[_к?^ckx:sG^7-!I[t^W4evR\"IۏQWbz|HdʥKǩ=Bƪ	iŐwbx`;7{99tVzbMuȷ9㋻=R1m<|s\0Nxռ#lOc@\0ےZ׵ʝ\'?(hX>(XjėhdGN?:qkZ+3ӏWѶ	9ݞEֹuzZ.eѴNH+`mE\Z]G5)(쪽9_O|/<O~v.rsϷ\0B#-c3`6joN~\"z31t7Y&ϙ~g&;+X#GK5:\\k:Zۣr#N26yAVn5l/Z˻7{4ۻ5Vf{0j}*۴9cXww\01oCv$/c2Fmk\riPy$l-kټQI\n)#i+k=Q>Qɤ]/$3ھ+]%x#TD,$oX\"#k{Zþ ҵ%Ǫ2TT<K/AYfiZ\ZZ!4lF	3yr)I݌RIMf\0?&`0pi759ǌVz7{Ju4pXsNA\'HIRX#_6k7TastF;a`FiG%MSd\0yczdG99q {RYqU׆\"w䐳1ZX;U\09+g!b	6XZrna=M[֭Mpɸ T65^7H\0I3MzԬۖ#^\0_h9\'Gs>88\\yV\"9|N@_Yi\ZդIbIנ\0ׯj$\'LߡRVܓӾ$M/LbYW@*MƬ]yS=̠\'4`^|QdBԢ.$ZКr۬r4PTέQOcK3^OZEׯ#pnN?\0g552+x\ZN|TGZOndqUG^pK(^J1V\'j\r:Ui_@2Mrc[Eh{\"`zOPC~+ոy\"r\0QBv#?JI{n}>u2EO0f-Q\0˖?]i`M\rQhbe4fVRwẃ*7oq#Wt? Ϯ+$Uc+{y[˅sY?jݥknr\"\02-%r)>kN>G5WJJG$?֏}}o>\0U^7-M|?ow\"n4<br6߷݈W܊N}w>I6򏫭hO?|~U\"b8E,yҰ<lTSkr{Tm[?Jɒ?|&);dQ[4ƻf\0D)J֑WS﷒O(gky&ʸ}߾+]Jo\0&=.ZǚHIA#NAܮIR\Z_Vp\n	\\ G\"ƚmjqYs%qw%K\'g9\'ְRNE\',G3F5}Xk\niYwz}1_;G.σz8eo1A?^<u>jZ\nVzlq}kLjpX9݊)C>qo,^^{գkr}썞Hn9m@\'4@~=@;<̮eQ-2j娐*_y3jJۗfc+Iݙ:k[1N~ Gvkeo0#Wd98f_a\0{#޺)p3)IX{~qY\"Iv8_ʦԾWV\0U\nI \\[q\\jr+oJ_9}z1ps̒m˓Ϻ\0뱽[\0z֋B3>^VCTQuX6=:uMv}z \\\rަ(lZ>J\Zm9GpTTuGIYI19,k+Ѽ@*F}kOߓCNk,+2P[\0]aj(\ZsAUs5c&+%fn]_>Y\0F~lb]jACkUe.]rR|\0Udg)\n85ungM!&\nT?^coqlgO^j>\0ӑH+\"׿|\"W[rSdFy㧯Wx4;p\"Uf?<Fخl3NG#O?]_C/	Rr=G5c՗Q8j)6>ӓ\0ɋ^+Hg?13:5ڰS1&̯5ݲ+??OoݞYff|͹ }OI\0y}j?<Y>[kYہS]אi*\ZWmnef^눼u7x|mHo#lL\\b.E \0.hgpCd&3ѣu㶙|V m.h_C1?+eרVb@RFΥя]0Fфc/^7XgШT$h&hL˲4nIu2s?,gF\\\"ST;AN,\rF֬ws\0-L~Xz^6qp\0_0_-JcH(s삮7(KPiorPixEU\"]J$q>|G$Ӛ\Z26F?UQrǱ,\rf(uKy5g6VUHs\0I+va9c*2=޽Hٟe/Ðj>,T_|/4xU$WB4nV5VOQѤF	y	rG?1lv\0:pS)H\"\\|72Z#ٟԷCƣn+^F\'zop|g\"b\0<כw_W\r!@wxz)5!=8E9\0&Y;I]zHU.|Ur{DݑxAZ\Z-p桖ٰ43m mtVJlqH.H@*O7j{ӌ0z|r/}+=VƜC\0V?-b!sVV8q\n;,p<3]er	YA8ʱ8\'\'I/dcRsک&*Wߡ.}inߒ*\0}\rD׌zVg?攑japN*޶F>joBNV6VOJ7|fe^[֥m~]*w2f-j,eP\\SW.i2yr}ޕcʴ1>y]Xԛwaִ3%9kCv`QNJ35)^y<TԊZ6>I}GɑN$hǈR-?,\0u[Lt95cc.h_rk;i^j&,A59F:#Om\0+xhǚ3\\\0]kYxg\'tT{t>*dZ1.Z}h*W>OUz$Yw\Zy$,ι2?Wt\nBn\n+$Z·+sV\0!hOQкb\\#?ʵF~7|Uk˯.5&Gf\0hYJ}:V>RHc@p6,\0#S\Z5>x+yaҳo/vהMSPCG<%.o=#x1&_Ԋ^v==T7oZPZFR\\-ϊgim?#Kq0QcӞMk7&2#Y\Z;g;U}/RI\0f5,7msWE\'vl֜H6n\'41׊nMs[WK@*q!$mR~)$Vݷ\0_jo+mi>\\5M9I#S<Zoy.YNR2s_Aʬ|8#֔!P3H*qϭ1n;ԑͷHy^zSu1i%ܢ;!U+=rjX8Ԫ7\'{^HXTTƬ5;T*·<\n*1v{Ԏ;Ɓ摰_4G)MA:4*6R+ԚcG_Ni\ZvF)OP%2U\n\rǰ<B|\Zj╭p)Ij^6-)Qɲ?UպzEunEg_^Yɯ[:n>\'<A>et\\\"#\'xǌx=6K}0#޿}{UF}+Ͼ1IQ(_Hn9okRjJ1WLkY$Eë8*3Z~\'/Ngf;+[R^ݑ<jI)˫5@[\0qUoؤSWqݜ:3H{8sn\"FTN2Firjﹴ np1H nOZr{8/Ϲ b2z.#V\"t*x9\0}i{85\\vqS.7nGzM:I ֌6RFy=\ZVz%<J\ZmOpРtg*jͅlxSyOGqq2̹Z-u+m`$\\nb3e©+ 66ԙ9=j+<J,pI\\I),${VVSA+3cQ;*žWpER84$m܊+W:vI=f\0=mu<b{^&éO޲/%qT2=fwA=)2?X/yRes{.Ǣe,	4mҸb&1x8u<~uuyy9kNaQFq3o[\'u隱\0γ[cWa $f-><2R!Zw<\r冞FRT`I|;u \\OrFUV 0sͼ?iuDjśAX\ng:>ߙY;3ey-\r#ᯃQ0IPciG:51\0=@QrjWFE!\rg?Z}jFnqҳU+GڃWhއᯁD.F{HixW<vQǚ1?RNspn[˹P!lk_iUsQQ)en1*׎k_\rA\0v?\Z!]:C#gYlOVkbU#Uʟt<UOMPwr;VIrG[7gvX~5|\'RRB=cV N\09xpHPskɭ╬澈M\\0k1H䓎keLSz@ǌkQ>;\ZzUXi\nf3O^߆3ToiМAjݤeq]\\VE5ٷJ~FRm;hmMy߼\"oZvb33d\nwnR`P!p1P\\\\0Yd+To78zQR	ZѴh1֘ExaRI\\C8Vm\0ר!\ZqJvLv5\\23DU4ݟ.zӲFGQ5**9Y*r)xӤ>UպRe9*,ej#ڋ!iUn{mf#k\'\'#8WC!ֹbH+=PhA\'ֹ/0\\vMv\ZeTkpl0<+պ1gZד>*$m\\ftI ֪Ȍkӓ즹byEbV<V6Ү]Zϖĕj5\r\"0UT5pG\n>^1H\0\Zm2i2r=N1\0Ak޺;Լ}GEk=I!ŭkfMXZ_\Z|\'481;^@#x8\\4M&U?r*Ԓ{k&K7kaLd\0yAkc$Ps5\nެgsny*}E(hkü!2d;^\0XIQ\\\08nծ\\GJi:ԄP.#kwX2c?Ğ>ԭ!Ḱ`kA\\\\4`HҥA,Lq\\Υ#aOMtcQhiZmҼoF^VOT\rL774og˪=GM*ۃreܠ&CiKv#nC\"lE\'	]\n6<\ZcqMn\"-鷥q;Z}z}ۦ@Ex\0nCF.\r$sqɦͣx微XHTSM!!w~Nk\rn\na\\fךpbT|H`֮Mq_i&i6~I#qJh\\gi`~WjXS˔\n{;\0<zu2*M\"O\Z|߇UOhd*㊍mX8Sԛ͇ҫnj0팂1NzuZ;G3EoY֫巭kI=R2+E{dg=t7<d\n%=;P^We1g&ųIŜ\0I6[n@r@b3}k֦<bFzUIDq|\"jFojhh(֬,W+dԻLW\'\0\rCݖddQrO^*)Bbʶ1~Zd7e\rCV43|<U;sQ]CnؐPם㷭5lRHEqߚCQF$l7JOI^!&qPZѕpO~u5u[FGE1O銈j$/4s!QXQ2Qkh;[@rݳ]3\0Ui՘qZJ746(}0{9RnUI!I\0u<W~oڕluڲcpO߹3Hdigbqd6lH=iEJdS\"ݷ\0[^zEfA\'Vۤ5<1\0<?յ?3Lҵsֳ\\0l*RVwml9qjijPFFl<Τu6/\r<?m6ёg^gj@\n\\c2h]02I]3AM̋ڜש+;E6qԩs\']B)b$y?x\'/hʅ6e:JOI2$\\Tؐ+/⮂``x=~e	FAp\n#mo\\hsKGE&Jؾ1+̐ORm65W.W=83ojN+Ē:2ZѴsҪCnI*ۃ})6J[Zͽjk^6`1E4|޵*idH2:6H̙VQZ\0Vm쓊`1W\\_cȫ1ɘޕ][>3H#JCEQSVfio]X].wERk|=c=ۢc]Ο	}y(8#ۣZ3Znze\n\\2&gAŞ&b~c/4j|S/>*f\\X[AuD0ڠ?li¹EqsK\'wJr\Z\\I#ǎ\0ɐ1eͪ`UCs\\JJؐUO&%p*iǭ1TkE>EQcTgFv+*.H5cvKz\0%C/V5#>&R9Z9b֣Ffoz/<sOcϩ&f1Fj\0͑Oiֻǜ,e1U+TcCziҐƶ(`Gj6ӊHb\' /ȹ\'L#^e<96ȎRQl08#ҙXkZ7QPP?T#DʨmVÃ(JpH5FFF)w.cz?j@U\\\\IT0\n2i*S*=E3{zs@\Z\0xPHC}UUP\0\\WK٦w*YXG\0?uJ\0WjICGOis\nT+Zoòhb\0pҽZgbBWA|><1`J۹Xma8֕+*2GZd-\"[\\=YIW?o=){}YO=vjayji~\rÐ0}JsNl眛lx͹܊p1#N$Ugnx]h]H9c5+w5<DYmq[1K5c\rҪV&uM߼nM6VJwφ5/m!r?\\W`Ol\0eq{B*oҤQ@\"մ[o*>\rTLDvm=\0סlm +=\ZÞ+E2`pk7pGKz:YJ\07u)5+v<s.GחQ}\n4V+a=jxrt} {TLzx&]HXjN½2\r/\'<13^g3ucQY>OPSb|V8?J5ZMx5Lkauqcw\"@\'܈U5	[J52ZȞO1sW{tj89	+sFvdj>/^E\0v ϸ&sNa*<`ϸqYNjs|@4t݂Y)WsUCTm@\Z:y\rDs6r|`\rc8.Tw\Z? Wl]V|nגmuV$W\\:ǧK=~XSOA7^[k\'cKp}MSW-zψ{XW%vo,W#\ZNfR>k1$khalFU1Z%sěc%YDr9kRfjFNO̾PKe#jʿ6[Z<`6͜j`ѽ]xe5x6O/E8lTPܟZ4՘ʼK~E 1jj~&dd~ڹrBɛ\n)#9L+7kZr.A[tE_g$Ұ^\0fChg ֐u1Q3{%3~34Չ^۝Jm,2$\n>\"D-qֺ6rPǟC* zW?ua64LAt8Up0nn\\;,`>xALsU\\n뚊(gjv*H␊CzQpO[Z\0D15P3I8m4&_/).X?ϥ\\Uݐiekav(A\n(*YqEWmjmm\'n9ɮm$]oX[{0餶rO\'1\\539Pmtnn_0ztQM6STv\0zY\\J\0HjsW̟t\Z|{0kMr*O|L\\nla0Y1Z,\'s\Z]O5+bqMlue.\rIƮpW7y49Dpo,k8>Շeh6Q^\0̶ZlqrL$wkV#9\n\0\0ZoivM!V8{Mڨ\n;\nJk;d~:kh7Is2/ ]:9<}yw?BȺc~X~xGҊWR3Kt\0<\0묆;}{GMnq3\0]ɧޱf<3[ȻJƯ[۽H8}sS](Hm+RGn4_Fd8 [JH_&;!&@<wҼe#nˮ\"^8bGRF<`H`w@3oqe24\nқ5IP4YlX=+i6kw+b7ig\rQLd槅vj%=**>=j@q\"GЕ@\\H\"J}(Hf]z\ZI)ݽF)f*pj90$[ȨcG!\'ˑUJpjL>pjl)<U6\\(+m\"FʯAtt<+LZ3RyZ5N`hg8GjAsґ)]WUso\"Xc\'cb{]_(@M9\0ոOƆ	sXd\00*q*TƣTF<cC}5Pj01\\Sn\"Kx˞Եrɿ\\剭\rNYһ :FbĖ6\nɆ5jv\0>6U\rj\'n1K۞iЪ)8;t6x{\r^,4BE]B`8pZo.MR-Butxeaʴ$egow\'uEuլ\'cׁL|KyWd(ʸeqSFE{#AKyGP;|c\'NNz9[MAuF.dlܜbzV]W_Q}ܥ,+9yhk;PjLI!`⧟U!*|G,SQBُ\'\"-K\nEPJҽE-|I)@G\0(a^wnVFrqav6qDs\0\0\Z֝Dν!Ii|N;BqH#?tr{q^QmZ_x4_˵p[幬]拞^5	b7A[:`Q9Ri1-6Qׅ]kmlGٱXf$\0ZgV_tۆǧf<\'>&A\rSڋ+emۜv<;}m<q9C6|U\ZQmZUdgqCWa3W9Um S:C=Gnz1Zh2UQ}	/#dX0U\0g$V9{X>1xR9B\nGXTʹ~	3**鵻X+F$JH!uQ9fӱ\'a?%<ĞgiB܂5R\"^wXS`IRmhGn39=&C$<Mgg\n[NrJ?jv$4\0QuAeE&HIN[:MS٩5t+˜\n.;EFj\Z\Z7wc?,6 E\'$y1nنSq\'+o9TʴT!5ֵYxhɺ(wOjđ&5Mc1=]*E142haR9qBtPē@w\n|\01[,~xı\0V\rV-F1PmVc@ˊZ=2F(4K\n+u檜wJ4E\rޫ7`չj⩲昀nM\'43B636ְm15[[^Tua܊6\\SwFx5[2jUPf\\JjL1.i^쎢Vg*_sH+ocܴsZZ79Ubٗ#f5b2YpxևOSqYq̎ס⫤|y]n;\0(?^zΦuή+֒lfHH44F~^k<Y{sߥ5XM0ώ(\\ɫAvA&Vi|4-JJ`րw?$d80<f#/z3/\"7qR#{G,	jby*\0.Z<64YQ$Z޳n<W|vPYn-4\"K|/bE\nJd[f.(PLB\rEnbY(P>WhnU\n\nbYf\rEFܓE6ȳnq/=cJ(=E<.$\rI韥ex\0XZdkz/t6tX\r)P\0h0z{ͤ+j̑j8c{ڹJ񅭫I)UU[WN඲>X#>y*}1S-泵&!ZvG˹,tlb1<M.닇_$srcnA`>9\0欧ɃwWiKVO0`Sxl3ʝ;Rh/XU]U|!{Y˂3-]Ǟ\'z5\r-ЩUcU]GNKCTa*Q<U)O\\}*f$}>:veJaVER#d2f.,u$dpW`XZCqoJ~vRUmjō3dz&j#9#l\ZymiM\n<>3\r7~_e%2)J3gTl$\'zcR^C*Azs\\ۖM	p~\n\0KKWfSqߎ8攕Ғd0Ԇ-q\0|7\'h⹯X:nӐhM\'fVLK߰`19X\\Gx5DX*%9;RqY6\'m-1=j&̋ڟfZ,dy?jFIf4(W&8*.+*\n_#RHm5KC&`bV;%1*OqVWv\ZӚ`K㚖6SEC\\嶜cc4H&:aTLo26@CֶuLtX%)5tTefv?:,UhvpO5&1@qW&kv=Te<SdӚ25V͹(!62?JcQ\"\"CӚ6ib9nq\0(\0sW]?sINbO84f~0)B cS%hG5曲՘^6N]~Ƴ`}NI,sj9c^8(+DF|(Ǿ30$-:E\0[>1VoZ}uP2 +M8UĥS5 %sCyO S85柴⑤ؒ(FVR`MtީM|\n@h__/ARf2&sQFNx;jjŸ5TҨ]v05/tJ4!Ӗ3c8׊|GlK^эtv2LIOUڳ*>T<ӭ4Mi7˛h2\n郚jĩ2OUo3]\0%A3<z\nv$4~5,iv4dZfԸGand\nļYu33\'Ile9r!,T2GJRp\0:|L{+\\d!~ j߻f=ZBwҾ=/7ߺj~||\06LS~n2?ʾaeY	w9E?f.3;G+Gú\\\r;|@jgtQx[M=sSq=Mma P楆h8\0:wīM2]v!O^NbKT Jw=E7Sp\Z?+RUE*pľ	]ue6+#_ʶX3Z՚fdЪp;W2sԓ]Î&2FmҬcֺidkԬd9oSKt!|Md5yBϴ:\0+CJ=\rV7@xAjfk\\[ʞaݜ3wu$Rcv9:\0]IgtycN}S$H\\voCTaZ>\n TR[O=9Jg\\=yG1}k+;6tTU^QzU7@jȸV@91\rT@ aTzqI&W!OZu3,>;OjϿ1mQV$;:8vVG$j\0{76=ܜӚ\Z	A+ҳۚoH٣\n4\0yLD9kYq@yZz=)VPTtȦ\"^)ՙqU;-95-~Qkr\0<VRtӭɡ\"bq6qvi$\\7PȠ+,s-%O`09*xdevo/n8 WUG+o\0ڔ0*=+_FjmCTR۩{R-#dz./x<:^\Z|ǓZi皊I5\'-R9UȣشVp)VaBӤ_\"1@=XEP&RyN\rMT;Vm֡Ҹ&#䚯&\ZwFN&[85JK&\Zs\n0h1zTfoALq TwbvF(0b_oEUZ\0fi\nK\rE9Ɋ٫ZhtTGC]*,$`9åi #21\0dO\nw_<N]zHJjIZq<Vp]jr>es׏QW.73[[\0(Ԕ4y\0\n0=jv[j͸qQ\\zTu>͑Fs\ZVqu浙Jھ.ܬΩ3ʾ3f}j72$>X<\nRSooҾ7RĐu~e\003޽ފt}fio~du	+okϐ\0so3^ZTp{y#vzo04km>G]ze&ݑ\\$O$qz\0>Ԋ7W¤x­l.[iCKnʞHé1x֚$\n+\\wa\nC|!E>~rV:\Z+Qcݻ_=$ǱGڝ$Lcz\"ёƠAP8GzH^}x>&^i8PyVQ(5Vi\'e+hTŬue\\|pqi7IpkFRY`;uĩyۍ1iXxF3\\gڟCԌ?<,¬9zWaezWcrs\\hhά:/ nf=KǺMjA:_s@j\ZP~VUH(Ձo֠|&[~yBsڥw9y<)%uěc9XwS|\nw?O8C=\03iMO\ncq[-F#\rd3ib9E\"/O0,+ZJee\nQ0S`@1j2eVʚ^j\Z\\ \\q@<*LyUcCW`VF֝\\\Z`61\n\02dl)~nkc^\rjX1?ή≣epFsW;zRpܥ9-7&?UuOt40,O|:R3J1nr{6ޜ\nH2Ҟ:U=ث)	D +bހ\nlSj<PJ~b\rOo*,rN)\'Ip!j;Щk%2*řcՊLf2zqRF3Sƣ1IjHCb+*1MM9wP2¢Q85Z6=CqH	VLu?51S[yTbc<V<߶N)=k\\L:r+ugW^C\n1mMYLtȒ\0)ZP<U8*ئI089ۇozuSHzŷ#bF5k_\"ZYe\":;N\r%i\'~xkXFfnbS.Zǌp*JRm݁',1,'2018'),('admin','admin','admin','admin','admin','admin',NULL,2,'2018'),('11318013','Yolan Sihombing','D3 TI','if318013','if318013','mahasiswa',NULL,3,'2018'),('11418050','Ade Putra Rejeki','D4 TI','if418050','if418050','mahasiswa',NULL,4,'2018'),('11316023','Dodi Pakpahan','D3 TI','if316023','if316023','mahasiswa',NULL,5,'2016'),('11318001','Palti Siregar','D3 TI','if318001','if318001','mahasiswa',NULL,6,'2018'),('11318003','Citra Situmorang','D3 TI','if318003','if318003','mahasiswa',NULL,7,'2018'),('11318005','Samuel Ambarita','D3 TI','if318005','if318005','mahasiswa',NULL,8,'2018'),('11318009','Elizabeth Sihaloho','D3 TI','if318009','if318009','mahasiswa',NULL,9,'2018'),('11318067','Joshua Baringbing','D3 TI','if318067','if318067','mahasiswa',NULL,10,'2018'),('11318039','Hernael Sihombing','D3 TI','if318039','if318039','mahasiswa','',12,'2018'),('11318039','Chelsy Situmorang','D3 TI','if318039','if318039','mahasiswa','',13,'2018');

/*Table structure for table `polling` */

DROP TABLE IF EXISTS `polling`;

CREATE TABLE `polling` (
  `id` int(11) NOT NULL AUTO_INCREMENT,
  `tanggal_pembuatan` timestamp NULL DEFAULT CURRENT_TIMESTAMP,
  `expired` date DEFAULT NULL,
  `matkul` varchar(50) DEFAULT NULL,
  `prodi` char(10) DEFAULT NULL,
  `angkatan` char(10) DEFAULT NULL,
  `status_expired` int(1) DEFAULT '0',
  PRIMARY KEY (`id`)
) ENGINE=InnoDB AUTO_INCREMENT=11 DEFAULT CHARSET=latin1;

/*Data for the table `polling` */

insert  into `polling`(`id`,`tanggal_pembuatan`,`expired`,`matkul`,`prodi`,`angkatan`,`status_expired`) values (1,'0000-00-00 00:00:00','2019-12-05','PSW 2','D3 TI','2018',0),(2,'2019-06-08 08:06:09','2019-06-12','Alsrudat','D4 TI','2018',0),(3,'2019-06-08 08:06:46','2019-06-21','PAP','D3 TI','2017',0),(4,'2019-06-08 08:06:33','2019-06-22','PSW 1','D3 TI','2019',0),(5,'2019-06-08 08:06:51','2019-06-29','Jarkom','D3 TI','2018',0),(6,'2019-06-08 11:06:57','2019-06-14','PBD','D3 TI','2018',0),(7,'2019-06-09 02:06:03','2019-06-11','Bahasa Inggris II','D3 TI','2018',0),(9,'2019-06-09 17:06:16','2019-06-08','Matdis','D3 TI','2018',1),(10,'2019-06-09 20:06:56','2019-06-12','OOP','D3 TI','2018',0);

/*Table structure for table `polling_mahasiswa` */

DROP TABLE IF EXISTS `polling_mahasiswa`;

CREATE TABLE `polling_mahasiswa` (
  `polling_id` int(10) unsigned NOT NULL,
  `mahasiswa_id` int(11) NOT NULL,
  `status` int(11) DEFAULT '0',
  PRIMARY KEY (`polling_id`,`mahasiswa_id`)
) ENGINE=InnoDB DEFAULT CHARSET=latin1;

/*Data for the table `polling_mahasiswa` */

insert  into `polling_mahasiswa`(`polling_id`,`mahasiswa_id`,`status`) values (1,1,1),(1,3,1),(1,6,0),(1,9,1),(2,1,1),(6,1,1),(9,6,0);

/*Table structure for table `tutor` */

DROP TABLE IF EXISTS `tutor`;

CREATE TABLE `tutor` (
  `id` int(10) unsigned NOT NULL AUTO_INCREMENT,
  `kelas_id` int(11) DEFAULT NULL,
  `last_updated` timestamp NULL DEFAULT NULL,
  PRIMARY KEY (`id`)
) ENGINE=InnoDB AUTO_INCREMENT=3 DEFAULT CHARSET=latin1;

/*Data for the table `tutor` */

insert  into `tutor`(`id`,`kelas_id`,`last_updated`) values (1,2,'2019-06-08 18:06:53'),(2,4,'2019-06-09 20:06:01');

/*!40101 SET SQL_MODE=@OLD_SQL_MODE */;
/*!40014 SET FOREIGN_KEY_CHECKS=@OLD_FOREIGN_KEY_CHECKS */;
/*!40014 SET UNIQUE_CHECKS=@OLD_UNIQUE_CHECKS */;
/*!40111 SET SQL_NOTES=@OLD_SQL_NOTES */;
